<?xml version="1.0" encoding="utf-8"?>
<varlist xmlns="http://www.nanoscopy.net/fsvarlist" name="參數">
    <var id="dewarping.coefficients" left="2" top="10" width="175" height="12">
      <interface name="賠率文件" split="80"/>
    </var>
    <var id="x_calibration" left="2" top="25" width="175" height="12">
      <interface name="快速掃描 X"/>
    </var>
  <button left="100" top="50" width="40" height="12" type="ok"/>
  <button left="142" top="50" width="40" height="12" type="cancel" name="消除"/>
</varlist>
