<?xml version="1.0" encoding="UTF-8"?>
<plugin xmlns="http://www.nanoscopy.net/fsplugins">
	<submenu name="線平均">
		<function name="全部圖片" id="adjscan_in_sel" bitmap="adjsc_big.bmp">
			<annotation>將圖像線對齊到一個中間水平</annotation>
		</function>
		<function name="排除所選" id="adjscan_by_sel" bitmap="adjscsel_big.bmp">
			<annotation>將圖像的線條對齊到一個平均水平，該水平在不考慮選定區域的情況下進行計算</annotation>
		</function>
	</submenu>
  <function name="失真校正" id="dewarp" bitmap="dewarp_big.bmp">
    <annotation>消除圖像失真</annotation>    
  </function>
  <function name="刪除活動曲線" id="removecurve" bitmap="removecurve_big.bmp">
    <annotation>刪除包含活動曲線的導入和導出曲線</annotation>
  </function>
  <function name="歸一化功率曲線" id="normcurve" bitmap="normcurve_big.bmp">
    <annotation>將力曲線轉換為歸一化的視圖（向左傾斜，在接觸點處為零軸）</annotation>
  </function>
  <function name="分離曲線" id="separcurve" bitmap="separcurve_big.bmp">
    <annotation>繪製力距分離曲線</annotation>
  </function>
  <function name="WLC 分析" id="wlcanalysis" bitmap="wlcanalysis_big.bmp">
    <annotation>查找持久模型的參數</annotation>
  </function>
</plugin>
