<?xml version="1.0" encoding="utf-8"?>
<varlist xmlns="http://www.nanoscopy.net/fsvarlist" name="力曲線歸一化" itemwidth="150" itemheight="13">
  <var id="flip" name="翻動" left="2" top="2">
    <interface>
      <Combobox>
        <item filter="auto" name="汽車"/>
        <item filter="all" name="是的"/>
        <item filter="none" name="不是"/>
      </Combobox>
    </interface>
  </var>
  <var id="remove_zero" name="零對齊 выделенному"  left="2" top="16"/>
  <selector id="remove_zero" left="0" top="30" width="152" height="13">
    <pane selector="ena">
      <var id="equate_slant" name="對齊坡面"  left="2" top="0"/>
    </pane>
  </selector>
  <var id="ShowStat"  name="顯示統計"  left="2" top="44"/>
  <selector id="ShowStat" left="0" top="58" width="152" height="13">
    <pane selector="ena">
      <var id="stat_of" name="統計數據" left="2" top="0" width="150" height="12">
      <interface>
        <Combobox>
          <item filter="trace" name="接近曲線"/>
          <item filter="retrace" name="縮回曲線"/>
          <item filter="selected" name="專用"/>
        </Combobox>
      </interface>
      </var>
    </pane>
  </selector>
  <button left="80" top="78" width="40" height="12" type="ok"/>
  <button left="122" top="78" width="40" height="12" type="cancel" name="消除"/>
</varlist>