<?xml version="1.0" encoding="utf-8"?>
<varlist xmlns="http://www.nanoscopy.net/fsvarlist" name="分離曲線">
  <var id="SeparationMethod" left="2" top="10" width="175" height="12">
    <interface name="方法" split="80">
    <Combobox>
      <item filter="lms_fit" name="通過OLS"/>
      <item filter="calibration" name="從校準"/>
    </Combobox>
    </interface>
  </var>
  <selector id="SeparationMethod" left="0" top="23" width="177" height="13">
    <pane selector="lms_fit">
      <var id="global.curve.slant_noise" name="噪音水平" left="2" top="0" width="175" height="12"/>
    </pane>
  </selector>
  <button left="100" top="50" width="40" height="12" type="ok"/>
  <button left="142" top="50" width="40" height="12" type="cancel" name="消除"/>
</varlist>
