<?xml version="1.0" encoding="utf-8"?>
<varlist xmlns="http://www.nanoscopy.net/fsvarlist" name="參數">
  <var id="wavelength" name="波長, 納米級" left="2" top="2" width="180" height="12">
    <interface>
      <SpinEditbox update_rate="1000"/>
    </interface>
  </var>
  <var id="threshold" name="幅度閾值, %" left="2" top="15" width="180" height="12">
    <interface>
      <SpinEditbox update_rate="1000"/>
    </interface>
  </var>
  <button left="100" top="50" width="40" height="12" type="ok"/>
  <button left="142" top="50" width="40" height="12" type="cancel" name="消除"/>
</varlist>