<?xml version="1.0" encoding="utf-8"?>
<plugin xmlns="http://www.nanoscopy.net/fsplugins">
  <function id="ppsect" name="粗糙度分析">
    <annotation>計算沿表面截面的粗糙度參數</annotation>
  </function>
  <function id="curve_roughness" name="粗糙度分析">
    <annotation>計算粗糙度參數</annotation>
  </function>
  <function id="metrics" name="選定區域的分析">
    <annotation>計算選定區域的面積、體積等指標</annotation>
  </function>
  <function id="threshold" name="閾值過濾" bitmap="threshold_big.bmp">
    <annotation>應用閾值過濾器</annotation>
  </function>
  <function id="findslope" name="干擾高度" bitmap="findslope_big.bmp">
    <annotation>根據干涉圖計算小丘的坡度</annotation>
  </function>
  <function id="masscenter" name="找到質心">
    <annotation>考慮空間幾何，找到所選對象的質心</annotation>
  </function>
  <function id="grain_analysis" name="對象分析" bitmap="grain_analysis.bmp">
    <annotation>對象分析</annotation>
  </function>
  <function id="protvol" name="蛋白質量" bitmap="protvol.bmp">
    <annotation>蛋白質量</annotation>
  </function>
  <!--<function name="選擇對象" id="object_separate" bitmap="objectsep_big.bmp">
    <annotation>選擇對象</annotation>
  </function>
  <function name="Выделить зерна" id="grains_separate" bitmap="grainsep_big.bmp">
    <annotation>Выделить зерна</annotation>
  </function>
  <function name="Анализ зерна" id="grains_analyze" bitmap="grainsep_anl.bmp">
    <annotation>Анализировать зерна</annotation>
  </function>
  <function name="Выделить границы" id="detect_edges" bitmap="detectedges_big.bmp">
    <annotation>Выделить границы методом Канни</annotation>
  </function>-->
  <submenu name="線路濾波器">
    <function name="坡度" id="gradient" bitmap="grad_big.bmp">
      <annotation>應用漸變變換</annotation>
    </function>
    <function name="拉普拉斯" id="laplace">
      <annotation>應用拉普拉斯濾波器 3x3</annotation>
    </function>
    <function name="高斯" id="gauss">
      <annotation>3x3高斯矩陣平均</annotation>
    </function>
  </submenu>
  <submenu name="相關性">
    <function name="互相關" id="correl_cross"  bitmap="correl.bmp">
      <annotation>兩幅圖像的互相關函數</annotation>
    </function>
    <function name="自相關" id="correl_self">
      <annotation>自相關功能</annotation>
    </function>
    <function name="查找結構元素" id="correl_find_structure">
      <annotation>尋找結構元素</annotation>
    </function>
    <function name="圖像拼接" id="stitch" bitmap="stitch.bmp">
      <annotation>從多個圖像粘合畫布</annotation>
    </function>
  </submenu>
</plugin>
