<?xml version="1.0" encoding="utf-8"?>
<varlist xmlns="http://www.nanoscopy.net/fsvarlist" name="坡度">
  <var id="gradient.algorithm" name="算法"  left="2" top="2" width="170" height="12">
    <interface>
      <Combobox>
        <item filter="diff" name="區別"/>
        <item filter="sobel" name="索貝爾"/>
        <item filter="prewitt" name="普魯特"/>
      </Combobox>
    </interface>
  </var>
  <var id="gradient.type" name="如何計算" left="2" top="15" width="170" height="12">
    <interface>
      <Combobox>
        <item filter="hor" name="水平投影"/>
        <item filter="vert" name="垂直投影"/>
        <item filter="vector" name="矢量投影"/>
        <item filter="magnitude" name="振幅"/>
      </Combobox>
    </interface>
  </var>
  <selector id="gradient.type" left="70" top="28" width="120" height="44">
    <pane selector="vector">
      <var id="gradient.vector" name="向量" left="2" top="0" width="100" height="40">
        <interface>
          <Groupbox/>
        </interface>
      </var>
      <var id="gradient.vector.x" name="X" left="8" top="10" width="90" height="12"/>
      <var id="gradient.vector.y" name="Y" left="8" top="23" width="90" height="12"/>
    </pane>
  </selector>
  <button left="100" top="68" width="40" height="12" type="ok"/>
  <button left="142" top="68" width="40" height="12" type="cancel" name="消除"/>
</varlist>