<?xml version="1.0" encoding="utf-8"?>
<varlist xmlns="http://www.nanoscopy.net/fsvarlist" itemheight="14" itemwidth="190" name="穀物分析">
  <var id="grain_analysis.profile_angle" name="截面角度" left="2" top="2">
    <interface>
      <Trackbar direction="horizontal"/>
    </interface>
  </var>
  <var id="grain_analysis.profile_angle" left="194" top="2" width="40">
    <interface hidename="true"/>
  </var>
  <var id="grain_analysis.baseline1_angle" name="基線斜率 1" left="2" top="20">
    <interface>
      <Trackbar direction="horizontal"/>
    </interface>
  </var>
  <var id="grain_analysis.baseline1_angle" left="194" top="20" width="40">
    <interface hidename="true"/>
  </var>
  <var id="grain_analysis.baseline2_ena" left="2" name="基準線 2" top="38" width="190"/>
  <selector id="grain_analysis.baseline2_ena" left="0" top="56" width="236" height="18">
    <pane selector="ena">
      <var id="grain_analysis.baseline2_angle" name="基線斜率 2" left="2" top="0">
        <interface>
          <Trackbar direction="horizontal"/>
        </interface>
      </var>
      <var id="grain_analysis.baseline2_angle" left="194" top="0" width="40">
        <interface hidename="true"/>
      </var>
    </pane>
  </selector>
  <var id="grain_analysis.base_plane_offset" name="基準平面偏移, 納米級" left="2" top="74" width="190">
    <interface>
      <Trackbar direction="horizontal"/>
    </interface>
  </var>
  <var id="grain_analysis.base_plane_offset" name="基準平面偏移, 納米級" left="194" top="74" width="40">
    <interface hidename="true"/>
  </var>
  <var id="grain_analysis.report" name="一個東西" left="2" top="92" width="244" height="60">
    <interface readonly="true" split="40">
      <Editbox type="multiline"/>
    </interface>
  </var>
  <userbutton left="22" top="156" width="100" height="14" id="add_feature" name="添加對象"/>
  <selector id="grain_analysis.del_feature_ena" left="124" top="156" width="100" height="14">
    <pane selector="ena">
      <userbutton left="0" top="0" width="100" height="14" id="del_feature" name="刪除物件"/>
    </pane>
  </selector>
  <userbutton left="22" top="174" width="202" height="14" id="clean_features" name="刪除所有對象"/>
  <button left="100" top="192" width="40" height="14" type="ok"/>
  <button left="142" top="192" width="40" height="14" type="cancel" name="消除"/>
</varlist>