<?xml version="1.0" encoding="utf-8"?>
<varlist xmlns="http://www.nanoscopy.net/fsvarlist" name="分析穀物">
  <var id="grainsep.threshC" name="臨界點"  left="2" top="2" width="170" height="12"/>
  <var id="grainsep.remv_incompl" name="刪除邊界區域" left="2" top="15" width="170" height="12"/>
  <var id="grainsep.noise_filter" name="噪音過濾器" left="2" top="28" width="170" height="12">
    <interface>
      <Combobox>
        <item filter="none" name="不是"/>
        <item filter="median" name="中位數"/>
        <item filter="min" name="最低限度"/>
      </Combobox>
    </interface>
  </var>
  <button left="100" top="50" width="40" height="12" type="ok"/>
  <button left="142" top="50" width="40" height="12" type="cancel" name="消除"/>
</varlist>