<?xml version="1.0" encoding="utf-8"?>
<varlist xmlns="http://www.nanoscopy.net/fsvarlist" name="使用分水嶺法選擇對象" itemwidth="170" itemheight="13">
  <var id="segmentation.level" name="等級"  left="2" top="2">
    <tooltip>用於標記形成的局部最大值的截止水平</tooltip>
  </var>
  <var id="segmentation.mask.type" name="面罩類型" left="2" top="16">
    <interface tooltip="選擇用於查找局部最大值的掩碼">
      <Combobox>
        <item filter="selection" name="突出顯示"/>
        <item filter="neighborhood" name="環境"/>
      </Combobox>
    </interface>
  </var>
  <selector id="segmentation.mask.type" left="0" top="30">
    <pane selector="neighborhood">
      <var id="segmentation.mask.neighborhood.radius" name="半徑，納米" left="2" top="0"/>
    </pane>
  </selector>
  <var id="segmentation.dilate" name="中間擴張" left="2" top="44">
    <tooltip>中間擴張結合位於給定半徑內的標記</tooltip>
  </var>
  <selector id="segmentation.dilate" left="0" top="58">
    <pane selector="ena">
      <var id="segmentation.dilate.radius" name="膨脹半徑，納米" left="2" top="0"/>
    </pane>
  </selector>
  <var id="segmentation.norm" name="規範" left="2" top="72">
    <interface tooltip="標記分佈的範數">
      <Combobox>
        <item filter="infinity" name="無限（8 個連接，3x3）"/>
        <item filter="l1" name="L1（4-連接，交叉3x3）"/>
        <item filter="l2" name="L2（8 連接，3x3）"/>
        <item filter="fast_marching_distance" name="快速軌道距離"/>
      </Combobox>
    </interface>
  </var>
  <var id="segmentation.algorithm" name="算法" left="2" top="86">
    <interface tooltip="分割算法">
      <Combobox>
        <item filter="queue" name="優先隊列"/>
        <item filter="distance_transform" name="距離換算"/>
      </Combobox>
    </interface>
  </var>
  <button left="100" top="100" width="40" type="ok"/>
  <button left="142" top="100" width="40" type="cancel" name="消除"/>
</varlist>