<?xml version="1.0" encoding="utf-8"?>
<varlist xmlns="http://www.nanoscopy.net/fsvarlist" name="參數">
  <var id="n_sections" name="節數" left="2" top="2" width="170" height="12">
    <interface split="95"/>
  </var>
  <var id="section_step" name="部分之間的空間, %" left="2" top="15" width="170" height="12">
  <interface split="95"/>
  </var>
  <var id="section_diam" name="斷面長度, %" left="2" top="28" width="170" height="12">
  <interface split="95"/>
  </var>
  <var id="planefit" name="去除剖面坡度" left="2" top="41" width="103" height="12"/>
  <var id="angle_selection" name="角度選擇" left="2" top="54" width="170" height="12">
    <interface split="95">
      <Combobox>
        <item filter="auto" name="自動地"/>
        <item filter="manual" name="手動"/>
      </Combobox>
    </interface>
  </var>
  <selector id="angle_selection" left="0" top="67" width="172" height="13">
    <pane selector="auto">
      <var id="auto.precision" name="準確性, °" left="2" top="0" width="170" height="12">
        <interface split="95"/>
      </var>
    </pane>
    <pane selector="manual">
      <var id="manual.angle" name="角度, °" left="2" top="0" width="170" height="12">
        <interface split="95"/>
      </var>
    </pane>
  </selector>
  <button left="100" top="85" width="40" height="12" type="ok"/>
  <button left="142" top="85" width="40" height="12" type="cancel" name="消除"/>
</varlist>