<?xml version="1.0" encoding="utf-8"?>
<varlist xmlns="http://www.nanoscopy.net/fsvarlist" itemheight="14" itemwidth="190" name="蛋白質體積">
  <var id="protvol.r1" name="r1, 納米級" left="2" top="2">
    <interface readonly="true" />
  </var>
  <var id="protvol.r2" name="r2, 納米級" left="2" top="20">
    <interface readonly="true" />
  </var>
  <var id="protvol.h" name="h, 納米級" left="2" top="38">
    <interface readonly="true" />
  </var>
  <var id="protvol.V" name="Volume, 納米級^3" left="2" top="56">
    <interface readonly="true" />
    <tooltip>體積的計算公式為V = Pi * h / 6 *（3/4 * r1 * r2 + h ^ 2）</tooltip>
  </var>
  <button left="100" top="192" width="40" height="14" type="ok"/>
  <button left="142" top="192" width="40" height="14" type="cancel" name="消除"/>
</varlist>