<?xml version="1.0" encoding="utf-8"?>
<varlist xmlns="http://www.nanoscopy.net/fsvarlist" name="閾值過濾">
  <var id="threshold.level" name="等級" left="2" top="2" width="135" height="12">
    <interface split="40">
      <Trackbar direction="horizontal"/>
    </interface>
  </var>
  <var id="threshold.level" left="137" top="2" width="45" height="12">
    <interface hidename="true"/>
  </var>
  <var id="threshold.above" name="設置更高" left="2" top="15" width="100" height="12"/>
  <selector id="threshold.above" left="2" top="28" width="180" height="13">
    <pane selector="ena">
      <var id="threshold.above.ena.to" name="上" left="30" top="0" width="150" height="12">
        <interface split="55">
          <Combobox>
            <item filter="level" name="等級"/>
            <item filter="max" name="最大"/>
          </Combobox>
        </interface>
      </var>
    </pane>
  </selector>
  <var id="threshold.below" name="在下面安裝" left="2" top="41" width="100" height="12"/>
  <selector id="threshold.below" left="2" top="54" width="180" height="13">
    <pane selector="ena">
      <var id="threshold.below.ena.to" name="上" left="30" top="0" width="150" height="13">
        <interface split="55">
          <Combobox>
            <item filter="level" name="等級"/>
            <item filter="min" name="最低限度"/>
          </Combobox>
        </interface>
      </var>
    </pane>
  </selector>
  <button left="100" top="70" width="40" height="12" type="ok"/>
  <button left="142" top="70" width="40" height="12" type="cancel" name="Отме上"/>
</varlist>