<?xml version="1.0" encoding="utf-8"?>
<varlist xmlns="http://www.nanoscopy.net/fsvarlist" name="參數">
  <var id="bspline.stride.x" name="一步一步 X" left="2" top="10" width="170" height="12"/>
  <var id="bspline.stride.y" name="一步一步 Y" left="2" top="23" width="170" height="12"/>
  <var id="bspline.subimage" name="子圖像處理" left="2" top="36" width="170" height="12">
    <interface>
      <Combobox>
        <item filter="sep" name="分開"/>
        <item filter="act" name="在活躍"/>
      </Combobox>
    </interface>
  </var>
  <button left="100" top="63" width="40" height="12" type="ok"/>
  <button left="142" top="63" width="40" height="12" type="cancel" name="消除"/>
</varlist>
