<?xml version="1.0" encoding="UTF-8"?>
<plugin xmlns="http://www.nanoscopy.net/fsplugins">
  <function name="車軸" id="axes">
    <annotation>更改軸參數</annotation>
  </function>
  <function name="將0設置為Z" id="set_zero_level">
    <annotation>更改Z軸的零位，以使所選零件的音量V_px等於0</annotation>
  </function>
  <function name="修剪" id="crop" bitmap="crop_big.bmp">
    <annotation>裁剪圖片</annotation>
  </function>
  <function name="倒置" id="invert" bitmap="invert_big.bmp">
    <annotation>反轉圖像數據</annotation>
  </function>
  <function name="平均" id="average" bitmap="average_big.bmp">
    <annotation>用任意寬度的掩碼平均選定區域的點</annotation>
  </function>
  <function name="銳化" id="sharpen" bitmap="sharpen_big.bmp">
    <annotation>使用寬度為3的蒙版銳化所選區域</annotation>
  </function>
  <function name="維納濾波器" id="wiener" bitmap="wiener_big.bmp">
    <annotation>使用具有任意大小的蒙版的維納濾鏡過濾所選區域</annotation>
  </function>
  <function name="中值濾波器" id="median" bitmap="median_big.bmp">
    <annotation>使用任意寬度的掩碼對選定區域進行中值濾波</annotation>
  </function>
  <function name="中位數 X" id="median_x" bitmap="medx_big.bmp">
    <annotation>使用帶有屏蔽X 3x3的中值濾波對齊下拉的圖像行/列</annotation>
  </function>
  <function name="中值濾波器 крест" id="median_cross" bitmap="medt_big.bmp">
    <annotation>使用屏蔽X 3x3使用中值濾波來對齊下拉的圖像行/列</annotation>
  </function>
  <function name="優化規模" id="adjscale" bitmap="adjust_scale_big.bmp">
    <annotation>標準化內部數據表示，使數值範圍從-16384到+16383</annotation>
  </function>
  <function name="轉置圖像" id="flip" bitmap="flip_big.bmp">
    <annotation>圍繞X = Y軸轉置圖像</annotation>
  </function>
  <function name="轉動" id="rotate" bitmap="rotate_big.bmp">
    <annotation>將圖像旋轉任意角度</annotation>
  </function>
  <function name="結盟" id="fit" bitmap="fit_big.bmp">
    <annotation>去除 OLS 平均斜率</annotation>
  </function>
  <function name="結盟 сплайном" id="bspline" bitmap="bspline_big.bmp">
    <annotation>通過減去雙二次樣條的表面來去除粗糙的浮雕</annotation>
  </function>
  <function name="平滑區域" id="smooth" bitmap="smooth_big.bmp">
    <annotation>在保持表面結構的同時平滑區域</annotation>
  </function>
  <submenu name="算術">
    <function name="數量" id="sum" bitmap="summ.bmp">
      <annotation>匯總數據</annotation>
    </function>
    <function name="區別" id="sub" bitmap="diff.bmp">
      <annotation>減去數據</annotation>
    </function>
    <function name="複雜的操作" id="sum_advanced" bitmap="advsum.bmp">
      <annotation>添加具有任意比例因子的數據</annotation>
    </function>
  </submenu>
</plugin>
