<?xml version="1.0" encoding="utf-8"?>
<varlist xmlns="http://www.nanoscopy.net/fsvarlist" name="參數">
  <var id="rotation.type" name="搖擺類型" left="2" top="10" width="175" height="12">
    <interface>
      <Combobox>
        <item filter="rot90p" name="順時針 90°"/>
        <item filter="rot90m" name="逆時針通過 90°"/>
        <item filter="rot" name="在角落..."/>
      </Combobox>
    </interface>
  </var>
  <selector id="rotation.type" left="0" top="23" width="178" height="12">
    <pane selector="rot">
      <var id="rotation.rot.angle" name="角度" left="2" top="0" width="175" height="12"/>
    </pane>
  </selector>
  <button left="100" top="50" width="40" height="12" type="ok"/>
  <button left="142" top="50" width="40" height="12" type="cancel" name="消除"/>
</varlist>
