<?xml version="1.0" encoding="utf-8"?>
<varlist xmlns="http://www.nanoscopy.net/fsvarlist" name="參數">
  <var id="smooth.radius" name="半徑" left="2" top="10" width="175" height="12">
    <interface split="80">
      <SpinEditbox increment="0.1"/>
    </interface>
  </var>
  <var id="smooth.method" name="方法" left="2" top="25" width="175" height="12">
    <interface split="80">
      <Combobox>
        <item filter="telea" name="特萊亞"/>
        <item filter="ns" name="納維爾·斯托克斯"/>
      </Combobox>
    </interface>
  </var>
  <var id="smooth.noise" name="添加隨機噪聲" left="2" top="38" width="175" height="12">
    <interface split="80">
      <Combobox>
        <item filter="none" name="不加"/>
        <item filter="uniform" name="制服"/>
        <item filter="gauss" name="高斯"/>
      </Combobox>
    </interface>
  </var>
  <var id="smooth.noise.scale" name="噪音等級" left="2" top="51" width="175" height="12">
    <interface split="80"/>
  </var>
  <button left="100" top="63" width="40" height="12" type="ok"/>
  <button left="142" top="63" width="40" height="12" type="cancel" name="消除"/>
</varlist>
