﻿<?xml version="1.0" encoding="utf-8"?>
<varlist xmlns="http://www.nanoscopy.net/fsvarlist" name="參數" itemheight="13" itemwidth="220">
  <var id="offset" name="偏見" left="2" top="5" width="230" height="60">
    <interface>
      <Groupbox/>
    </interface>
  </var>
  <var id="offset.x" left="5" top="20"/>
  <var id="offset.y" left="5" top="34"/>
  <var id="offset.z" left="5" top="48"/>
  <var id="scale" name="規模" left="2" top="70" width="230" height="55">
    <interface>
      <Groupbox/>
    </interface>
  </var>
  <var id="scale.image1" name="圖片 1" left="5" top="85" width="180">
    <interface>
      <Trackbar/>
    </interface>
  </var>
  <var id="scale.image1" left="190" top="85" width="40">
    <interface hidename="true"/>
  </var>
  <var id="scale.image2" name="圖片 2" left="5" top="99" width="180">
    <interface>
      <Trackbar/>
    </interface>
  </var>
  <var id="scale.image2" left="190" top="99" width="40">
    <interface hidename="true"/>
  </var>
  <var id="normalize_result" name="歸一化結果" full_name="將結果標準化為比例因子模塊的總和" left="5" top="113"/>
  <button left="140" top="134" width="40" height="14" type="ok"/>
  <button left="182" top="134" width="40" height="14" type="cancel" name="消除"/>
</varlist>
