<?xml version="1.0" encoding="utf-8"?>
<varlist xmlns="http://www.nanoscopy.net/fsvarlist" name="參數">
  <var id="wiener.noise" name="噪音水平" left="2" top="10" width="175" height="12"/>
  <var id="wiener.mask" name="面具" left="2" top="23" width="175" height="39">
    <interface>
      <Groupbox/>
    </interface>
  </var>
  <var id="wiener.mask.width" name="寬度" left="6" top="33" width="167" height="12"/>
  <var id="wiener.mask.height" name="高度" left="6" top="46" width="167" height="12"/>
  <button left="100" top="69" width="40" height="12" type="ok"/>
  <button left="142" top="69" width="40" height="12" type="cancel" name="消除"/>
</varlist>
