<?xml version="1.0" encoding="utf-8"?>
<plugin xmlns="http://www.nanoscopy.net/fsplugins">
  <function id="dilate" name="擴張" bitmap="dilate.bmp">
    <annotation>使用特殊遮罩對圖像執行膨脹操作。</annotation>
  </function>
  <function id="erode" name="侵蝕" bitmap="erode.bmp">
    <annotation>使用特殊遮罩對圖像執行擴張操作.</annotation>
  </function>
  <function id="tip_modeling" name="探針模擬" bitmap="tip_modeling.bmp">
    <annotation>使用特殊蒙版對針的形狀進行建模.</annotation>
  </function>
</plugin>
