<?xml version="1.0" encoding="UTF-8"?>
<varlist xmlns="http://www.nanoscopy.net/fsvarlist" name="記錄 3D AVI">
	<var id="path" left="2" top="2" width="160" height="12">
		<interface split="50" name="文件的路徑"/>
	</var>
	<var id="encfilter" left="2" top="15" width="145" height="12">
		<interface split="50" name="編碼過濾器"/>
	</var>
	<userbutton left="147" top="15" width="15" height="12" id="opt" name="..."/>
  <selector id="started" left="0" top="30" width="160" height="12">
    <pane selector="dis">
      <userbutton left="42" top="0" width="81" height="12" id="record" name="&amp;開始"/>
    </pane>
    <pane selector="ena">
      <userbutton left="42" top="0" width="40" height="12" id="stop" name="&amp;停止"/>
      <var id="time" name="時間" left="83" top="0" width="40" height="12">
        <interface readonly="true" hidename="true"/>
      </var>
    </pane>
  </selector>
  <button left="42" top="43" width="40" height="12" type="ok"/>
	<button left="83" top="43" width="40" height="12" type="cancel" name="消除"/>
</varlist>
