<?xml version="1.0" encoding="UTF-8"?>
<varlist xmlns="http://www.nanoscopy.net/fsvarlist" xmlns:xi="http://www.w3.org/2001/XInclude" name="設定值" itemheight="13">
	<tabgroup left="2" top="2" width="240" height="158">
		<item name="一般的">
			<pane itemheight="13" itemwidth="220">
				<var id="transparency" left="2" top="2" width="180">
					<interface name="材料的透明度">
						<Trackbar/>
					</interface>
				</var>
				<var id="transparency" left="182" top="2" width="38">
					<interface hidename="true"/>
				</var>
				<var id="slice" left="2" top="16" width="180">
					<interface name="切片位置">
						<Trackbar/>
					</interface>
				</var>
				<var id="slice" left="182" top="16" width="38">
					<interface hidename="true"/>
				</var>
        <var id="max_resolution" full_name="最大分辨率" left="2" top="30" height="52" width="230">
          <interface>
            <Groupbox/>
          </interface>
        </var>
        <var id="max_resolution.x" left="4" top="40"/>
        <var id="max_resolution.y" left="4" top="56"/>
        <var id="max_resolution.z" left="4" top="70"/>
			</pane>
		</item>
    <item name="規模">
      <pane>
        <var id="ShowZScaleOpt" name="顯示比例 Z" left="2" top="2" width="198" height="12"/>
        <var id="scale_height" name="高度, %" left="2" top="15" width="198" height="12">
          <interface>
            <Trackbar/>
          </interface>
        </var>
        <var id="scale_width" name="寬度, %" left="2" top="28" width="198" height="12">
          <interface>
            <Trackbar/>
          </interface>
        </var>
        <var id="scale_x" name="左邊框, %" left="2" top="41" width="198" height="12"/>
        <var id="scale_y" name="上限, %" left="2" top="54" width="198" height="12"/>
        <var id="scale_axis_Z" name="這裡 Z" left="2" top="67" width="96" height="12"/>
        <var id="scale" name="規模 Z" left="104" top="67" width="96" height="12"/>
      </pane>
    </item>
    <xi:include href="IncStereo.xml"/>
    <item name="車軸">
			<pane>
				<var id="AxisX" left="2" top="2" width="96" height="12">
					<interface name="這裡 X"/>
				</var>
				<var id="AxisY" left="2" top="15" width="96" height="12">
					<interface name="這裡 Y"/>
				</var>
				<var id="AxisZ" left="104" top="2" width="96" height="12">
					<interface tooltip="" name="這裡 Z"/>
				</var>
			</pane>
		</item>
		<xi:include href="IncStyle.xml"/>
	</tabgroup>
	<xi:include href="IncButtons.xml"/>
</varlist>
