<?xml version="1.0" encoding="UTF-8"?>
<varlist xmlns="http://www.nanoscopy.net/fsvarlist" xmlns:xi="http://www.w3.org/2001/XInclude" name="設定值">
  <tabgroup left="2" top="2" width="208" height="158">
    <item name="一般的">
      <pane>
        <var id="surface" left="2" top="2" width="198" height="12">
          <interface name="表面圖像">
            <Combobox>
              <item filter="wireframe" name="網格"/>
              <item filter="color_map" name="色卡"/>
              <item filter="single_color" name="單色"/>
            </Combobox>
          </interface>
        </var>
        <selector id="surface" left="0" top="15" width="198" height="52">
          <pane selector="wireframe">
            <var id="wireframe.stepping" left="2" top="0" width="200" height="12">
              <interface name="網格單元"/>
            </var>
          </pane>
          <pane selector="color_map">
            <var id="overlay_mode" name="疊加類型" left="2" top="0" width="96" height="12">
              <interface>
                <Combobox>
                  <item filter="overlay_image" name="渠道"/>
                  <item filter="overlay_texture" name="質地"/>
                </Combobox>
              </interface>
            </var>
            <selector id="overlay_mode" left="100" top="0" width="100" height="14">
              <pane selector="overlay_image">
                <var id="overlay_image" name="渠道" left="2" top="0" width="96" height="12"/>
              </pane>
              <pane selector="overlay_texture">
                <userbutton id="texture" name="質地..." left="12" top="0" width="76" height="12"/>
              </pane>
            </selector>
            <var id="Hilight" name="背光燈" left="2" top="13" width="80" height="12"/>
            <selector id="Hilight" left="0" top="26" width="200" height="26">
              <pane selector="ena">
                <var id="mat.shine" name="材料的光度" left="2" top="0" width="198" height="12">
                  <interface>
                    <Trackbar/>
                  </interface>
                </var>
                <var id="light.distance" name="光源距離" left="2" top="13" width="198" height="12">
                  <interface>
                    <Trackbar/>
                  </interface>
                </var>
              </pane>
            </selector>
          </pane>
          <pane selector="single_color">
            <var id="mat.shine" name="材料的光度" left="2" top="0" width="198" height="12">
              <interface>
                <Trackbar/>
              </interface>
            </var>
            <var id="light.distance" name="光源距離" left="2" top="13" width="198" height="12">
              <interface>
                <Trackbar/>
              </interface>
            </var>
          </pane>
        </selector>
      </pane>
    </item>
    <selitem name="規模" selectorid="overlay_mode" selectorval="overlay_image">
      <pane>
        <var id="ShowZScaleOpt" name="顯示比例 Z" left="2" top="2" width="200" height="12"/>
        <var id="scale_height" name="高度, %" left="2" top="15" width="198" height="12">
          <interface>
            <Trackbar/>
          </interface>
        </var>
        <var id="scale_width" name="寬度, %" left="2" top="28" width="198" height="12">
          <interface>
            <Trackbar/>
          </interface>
        </var>
        <var id="scale_x" name="左邊框, %" left="2" top="41" width="198" height="12"/>
        <var id="scale_y" name="上限, %" left="2" top="54" width="198" height="12"/>
        <var id="scale_axis_Z" name="這裡 Z" left="2" top="67" width="96" height="12"/>
        <var id="scale" name="規模 Z" left="104" top="67" width="96" height="12"/>
      </pane>
    </selitem>
    <item name="添加. элементы">
      <pane>
        <var id="decorations.axes" name="車軸" left="2" top="2" width="90" height="12"/>
        <var id="decorations.bottom" name="陰影" left="2" top="15" width="90" height="12"/>
        <var id="decorations.marks" name="標籤" left="2" top="28" width="90" height="12"/>
        <var id="decorations.curves" name="曲線" left="2" top="41" width="90" height="12"/>
        <var id="decorations.sections" name="交叉區域" left="102" top="2" width="90" height="12"/>
        <var id="decorations.labels" name="簽名" left="102" top="15" width="90" height="12"/>
      </pane>
    </item>
    <xi:include href="IncStereo.xml"/>
    <item name="車軸">
      <pane>
        <var id="AxisX" name="這裡 X" left="2" top="2" width="96" height="12"/>
        <var id="AxisY" name="這裡 Y" left="2" top="15" width="96" height="12"/>
        <var id="AxisZ" name="這裡 Z" left="2" top="28" width="96" height="12"/>
        <var id="scaling.x" name="規模 X" left="104" top="2" width="96" height="12"/>
        <var id="scaling.y" name="規模 Y" left="104" top="15" width="96" height="12"/>
        <var id="scaling.z" name="規模 Z" left="104" top="28" width="96" height="12"/>
      </pane>
    </item>
    <xi:include href="IncStyle.xml"/>
    <item name="文字顏色">
      <pane>
        <var id="text" left="2" top="2" width="198" height="40">
          <interface hidename="true" tooltip="文字顏色">
            <ColorChooser/>
          </interface>
        </var>
      </pane>
    </item>
    <item name="材質顏色 ">
      <pane>
        <var id="mat.color" left="2" top="2" width="198" height="40">
          <interface hidename="true" tooltip="材質顏色">
            <ColorChooser/>
          </interface>
        </var>
      </pane>
    </item>
    <item name="輻射材料">
      <pane>
        <var id="mat.emission" left="2" top="2" width="198" height="40">
          <interface hidename="true" tooltip="輻射材料">
            <ColorChooser/>
          </interface>
        </var>
      </pane>
    </item>
    <item name="Отраж. 材料顏色">
      <pane>
        <var id="mat.specular" left="2" top="2" width="198" height="40">
          <interface hidename="true" tooltip="自己的空間照明">
            <ColorChooser/>
          </interface>
        </var>
      </pane>
    </item>
    <item name="自己的照明">
      <pane>
        <var id="light.scene.ambient" left="2" top="2" width="198" height="40">
          <interface hidename="true" tooltip="自己的空間照明">
            <ColorChooser/>
          </interface>
        </var>
      </pane>
    </item>
    <item name="漫射光">
      <pane>
        <var id="light.ambient" left="2" top="2" width="198" height="40">
          <interface hidename="true" tooltip="漫射光">
            <ColorChooser/>
          </interface>
        </var>
      </pane>
    </item>
    <item name="定向光">
      <pane>
        <var id="light.diffuse" left="2" top="2" width="198" height="40">
          <interface hidename="true" tooltip="定向光 ">
            <ColorChooser/>
          </interface>
        </var>
      </pane>
    </item>
    <item name="反射光強度">
      <pane>
        <var id="light.specular" left="2" top="2" width="198" height="40">
          <interface hidename="true" tooltip="反射光">
            <ColorChooser/>
          </interface>
        </var>
      </pane>
    </item>
  </tabgroup>
  <xi:include href="IncButtons.xml"/>
</varlist>
