﻿<?xml version="1.0" encoding="utf-8"?>
<varlist xmlns="http://www.nanoscopy.net/fsvarlist" xmlns:xi="http://www.w3.org/2001/XInclude" name="參數" itemwidth="190" itemheight="13">
  <var id="duplicate_3d_cloud" name="複製3D數據" left="2" top="10">
    <interface>
      <Combobox>
        <item filter="image_data" name="影像數據"/>
        <item filter="force_volume" name="功率數據 3Д"/>
        <item filter="extract_curves" name="提取曲線"/>
      </Combobox>
    </interface>
    <tooltip>
  功率曲線複製模式
    </tooltip>
  </var>
  <selector id="duplicate_3d_cloud" left="0" top="23" width="200" height="13">
    <pane selector="extract_curves">
      <var id="merge_extracted_fv_curves" name="合併提取的曲線" left="2" top="0">
        <tooltip>
          將提取的曲線合併到一個窗口中。\n
         替代方法：將每條曲線提取到自己的窗口中.
        </tooltip>
      </var>
    </pane>
  </selector>
  <button left="95" top="41" width="50" height="14" type="ok" name="執行"/>
  <button left="150" top="41" width="50" height="14" type="cancel" name="消除"/>
</varlist>