<?xml version="1.0" encoding="UTF-8"?>
<varlist xmlns="http://www.nanoscopy.net/fsvarlist" xmlns:xi="http://www.w3.org/2001/XInclude" name="設定值" itemheight="13">
	<tabgroup left="2" top="2" width="204" height="158">
		<item name="一般的">
			<pane>
        <var id="selmode" name="突出顯示" left="2" top="2" width="175"/>
        <var id="normalize_spectrum" name="歸一化頻譜" left="2" top="16" width="96">
          <interface split="80"/>
        </var>
        <var id="spectrum_mode" name="如何讀取頻譜" left="2" top="30" width="175">
          <interface>
            <Combobox>
              <item filter="power" name="力量"/>
              <item filter="magnitude" name="振幅"/>
            </Combobox>
          </interface>
        </var>
        <var id="contrast" name="對比" left="2" top="44" width="175"/>
      </pane>
		</item>
		<xi:include href="IncStyle.xml"/>
		<item name="文字顏色">
			<pane>
				<var id="text" left="2" top="2" width="198" height="40">
					<interface hidename="true">
						<ColorChooser/>
					</interface>
				</var>
			</pane>
		</item>
		<item name="文字背景">
			<pane>
				<var id="text_background" left="2" top="2" width="198" height="40">
					<interface hidename="true">
						<ColorChooser/>
					</interface>
				</var>
			</pane>
		</item>
	</tabgroup>
	<xi:include href="IncButtons.xml"/>
</varlist>
