<?xml version="1.0" encoding="UTF-8"?>
<varlist xmlns="http://www.nanoscopy.net/fsvarlist" xmlns:xi="http://www.w3.org/2001/XInclude" name="設定值">
	<tabgroup left="2" top="2" width="204" height="158">
		<item name="一般的">
			<pane>
				<var id="AxisZ" left="2" top="2" width="110" height="12">
					<interface name="這裡 Z"/>
				</var>
				<var id="NBars" left="2" top="15" width="110" height="12">
          <interface name="選擇部門">
            <Combobox>
              <item filter="auto" name="汽車"/>
              <item filter="manual" name="手動"/>
            </Combobox>
          </interface>
				</var>
				<selector id="NBars" left="2" top="28" width="110" height="12">
					<pane selector="manual">
						<var id="NBars.manual.count" left="0" top="0" width="110" height="12">
							<interface name="分割數"/>
						</var>
					</pane>
				</selector>
			</pane>
		</item>
		<xi:include href="IncMargins.xml"/>
		<item name="畢業顏色">
			<pane>
				<var id="BarColor" left="2" top="2" width="198" height="40">
					<interface hidename="true" tooltip="畢業顏色">
						<ColorChooser/>
					</interface>
				</var>
			</pane>
		</item>
		<xi:include href="IncStyle.xml"/>
	</tabgroup>
	<xi:include href="IncButtons.xml"/>
</varlist>
