<?xml version="1.0" encoding="UTF-8"?>
<a>
  <item name="邊界">
    <pane itemwidth="198" itemheight="13">
      <var id="LeftMarginOpt" name="左邊框" left="2" top="2"/>
      <var id="RightMarginOpt" name="右邊框" left="2" top="16"/>
      <var id="TopMarginOpt" name="上限" left="2" top="30"/>
      <var id="BottomMarginOpt" name="底線" left="2" top="44"/>
      <var id="TextVertSpace" name="垂直空間" left="2" top="58"/>
      <var id="ParametersWidth" name="參數字段" left="2" top="72"/>
    </pane>
  </item>
</a>