<?xml version="1.0" encoding="UTF-8"?>
<a>
		<item name="字形">
      <pane itemheight="13">
        <var id="text_face_list" name="字形" left="2" top="5" width="190">
          <interface split="48"/>
        </var>
				<var id="text_size" name="尺寸" left="2" top="19" width="96"/>
				<var id="text_weight" name="胖子" left="2" top="33" width="96"/>
        <var id="text_italic" name="斜體字" left="2" top="47" width="96"/>
			</pane>
		</item>
		<item name="背景">
      <pane itemheight="13">
				<var id="background" left="2" top="2" width="198" height="40">
					<interface hidename="true" name="背景顏色">
						<ColorChooser/>
					</interface>
				</var>
			</pane>
		</item>
		<item name="傳奇">
			<pane itemheight="13">
				<var id="legend" left="2" top="2" width="198" height="40">
					<interface hidename="true" name="圖例顏色">
						<ColorChooser/>
					</interface>
				</var>
        <var id="axis_thickness" name="車軸厚度"  left="2" top="43" width="190"/>
        <var id="grid.show" name="網格" left="2" top="57" width="190">
          <interface>
            <Combobox>
              <item filter="none" name="不是"/>
              <item filter="horizontal" name="水平的"/>
              <item filter="vertical" name="垂直的"/>
              <item filter="both" name="兩個都"/>
            </Combobox>
          </interface>
        </var>
        <var id="grid.line.style" name="網格線樣式" left="2" top="71" width="190">
          <interface>
            <Combobox>
              <item filter="solid" name="堅硬的"/>
              <item filter="dot" name="虛線"/>
              <item filter="dash" name="孵化"/>
              <item filter="dash_dot" name="點劃線"/>
            </Combobox>
          </interface>
        </var>
        <var id="grid.line.width" name="網格線粗細" left="2" top="85" width="190"/>
        <var id="tics.x.number" name="分割數 X" left="2" top="99" width="93"/>
        <var id="tics.x.length" name="分割長度 X" left="99" top="99" width="93"/>
        <var id="tics.y.number" name="分割數 Y" left="2" top="113" width="93"/>
        <var id="tics.y.length" name="分割長度 Y"  left="99" top="113" width="93"/>
      </pane>
		</item>
</a>
