<?xml version="1.0" encoding="UTF-8"?>
<a>
  <item name="投影窗口">
    <pane>
      <var id="fov" left="2" top="2" width="198" height="12">
        <interface name="可視角度"/>
      </var>
      <var id="stereo" left="2" top="15" width="198" height="12">
        <interface name="立體影像"/>
      </var>
      <selector id="stereo" left="0" top="28" width="202" height="41">
        <pane selector="ena" prefix="stereo">
          <var id="eyesep" name="拆分立體聲對" left="2" top="0" width="198" height="12"/>
          <var id="focal_length" name="焦距" left="2" top="13" width="198" height="12"/>
          <var id="left.transform" name="左眼" full_name="左眼變換" left="2" top="26" width="90" height="13">
            <interface>
              <Combobox>
                <item filter="none" name="不是"/>
                <item filter="mv" name="垂直反射"/>
                <item filter="mh" name="水平反射"/>
                <item filter="mb" name="中央對稱"/>
              </Combobox>
            </interface>
          </var>
          <var id="right.transform" name="右眼" full_name="“右眼的轉變" left="101" top="26" width="90" height="13">
            <interface>
              <Combobox>
                <item filter="none" name="不是"/>
                <item filter="mv" name="垂直反射"/>
                <item filter="mh" name="水平反射"/>
                <item filter="mb" name="中央對稱"/>
              </Combobox>
            </interface>
          </var>
          <var id="mode" name="顯示模式" left="2" top="40" width="198" height="13">
            <interface>
              <Combobox>
                <item filter="sbs" name="附近"/>
                <item filter="dblmon" name="兩台顯示器"/>
              </Combobox>
            </interface>
          </var>
        </pane>
      </selector>
    </pane>
  </item>
</a>