<?xml version="1.0" encoding="UTF-8"?>
<varlist xmlns="http://www.nanoscopy.net/fsvarlist" xmlns:xi="http://www.w3.org/2001/XInclude" name="設定值">
  <tabgroup left="2" top="2" width="204" height="158">
    <item name="一般的">
      <pane>
        <var id="AxisX" left="104" top="2" width="96" height="12">
          <interface name="這裡 X"/>
        </var>
        <var id="AxisY" left="104" top="15" width="96" height="12">
          <interface name="這裡 Y"/>
        </var>
        <var id="AxisZ" left="104" top="28" width="96" height="12">
          <interface name="這裡 Z"/>
        </var>
        <var id="NBars" left="2" top="15" width="96" height="12">
          <interface name="分配"/>
        </var>
        <selector id="NBars" left="2" top="28" width="96" height="12">
          <pane selector="manual">
            <var id="NBars.manual.count" left="0" top="0" width="96" height="12">
              <interface name="數字"/>
            </var>
          </pane>
        </selector>
        <var id="threshold" left="2" top="54" width="198" height="40">
          <interface name="臨界點">
            <Groupbox/>
          </interface>
        </var>
        <var id="threshold.mode" left="6" top="64" width="94" height="12">
          <interface split="44" name="模式"/>
        </var>
        <selector id="threshold.mode" left="6" top="77" width="190" height="12">
          <pane selector="manual">
            <var id="threshold.manual.level" left="0" top="0" width="136" height="12">
              <interface split="40" name="等級">
                <Trackbar/>
              </interface>
            </var>
            <var id="threshold.manual.level" left="140" top="0" width="50" height="12">
              <interface hidename="true"/>
            </var>
          </pane>
        </selector>
      </pane>
    </item>
    <xi:include href="IncMargins.xml"/>
    <xi:include href="IncStyle.xml"/>
  </tabgroup>
  <xi:include href="IncButtons.xml"/>
</varlist>
