<?xml version="1.0" encoding="utf-8"?>
<x xmlns="http://www.nanoscopy.net/processes">
  <var id="open.merged" name="合併文件">
    <enum>
      <item filter="yes" name="是的"/>
      <item filter="no" name="不是"/>     
    </enum>
  </var>
  <var id="open.filter" name="篩選">
    <enum>
      <item filter="any" name="一切"/>
      <item filter="curves" name="曲線"/>
      <item filter="surfaces" name="表面"/>
      <item filter="force_volume" name="權力卡"/>
    </enum>
  </var>
</x>