<?xml version="1.0" encoding="UTF-8"?>
<varlist xmlns="http://www.nanoscopy.net/fsvarlist" xmlns:xsi="http://www.w3.org/2001/XMLSchema-instance"
         xmlns:xi="http://www.w3.org/2001/XInclude" name="設定值" itemwidth="190" itemheight="14">
	<tabgroup left="2" top="2" width="204" height="158">
    <item name="一般的">
      <pane>
        <var id="AxisX" name="單位 X" left="2" top="2"/>
        <var id="AxisZ" name="單位 Y" left="2" top="16"/>
        <var id="ShowMarks" name="顯示標籤" left="2" top="30"/>
        <selector id="ShowMarks" left="2" top="44">
          <pane selector="ena">
            <var id="marks_mode" name="標籤" left="0" top="0">
              <interface>
                <Combobox>
                  <item filter="vertical_lines" name="垂直線"/>
                  <item filter="crosses" name="十字架"/>
                  <item filter="crossbar" name="十字準線"/>
                </Combobox>
              </interface>
            </var>
          </pane>
        </selector>
      </pane>
    </item>
		<item name="規模 X">
			<pane>
				<var id="XScale" left="0" top="2" width="200" height="55">
					<interface name="規模 X">
						<Groupbox/>
					</interface>
				</var>
				<var id="XScale.Absolute" left="2" top="12" width="94" height="12">
					<interface name="絕對值"/>
				</var>
				<var id="XScale.Scaling" left="104" top="12" width="94" height="12">
					<interface name="縮放"/>
				</var>
				<selector id="XScale.Scaling" left="2" top="28" width="196" height="26">
					<pane selector="fixed">
						<var id="XScale.Scaling.fixed.value" left="0" top="0" width="196" height="12">
							<interface name="價值"/>
						</var>
						<var id="XScale.Scaling.fixed.units" left="0" top="13" width="196" height="12">
							<interface name="單位"/>
						</var>
					</pane>
				</selector>
			</pane>
		</item>
		<item name="規模 Y">
			<pane>
				<var id="YScale" left="0" top="2" width="200" height="55">
					<interface name="規模 Y">
						<Groupbox/>
					</interface>
				</var>
				<var id="YScale.Absolute" left="2" top="12" width="94" height="12">
					<interface name="絕對值"/>
				</var>
				<var id="YScale.Scaling" left="104" top="12" width="94" height="12">
					<interface name="縮放"/>
				</var>
				<selector id="YScale.Scaling" left="2" top="28" width="196" height="26">
					<pane selector="fixed">
						<var id="YScale.Scaling.fixed.value" left="0" top="0" width="196" height="12">
							<interface name="價值"/>
						</var>
						<var id="YScale.Scaling.fixed.units" left="0" top="13" width="196" height="12">
							<interface name="單位"/>
						</var>
					</pane>
				</selector>
			</pane>
		</item>
    <item name="線數">
      <pane>
        <var id="line1color" name="線條顏色均勻" left="2" top="2" width="175" height="30">
          <interface hidename="true">
            <ColorChooser/>
          </interface>
        </var>
        <var id="line2color" name="奇數線顏色" left="2" top="34" width="175" height="30">
          <interface hidename="true">
            <ColorChooser/>
          </interface>
        </var>
        <var id="show_only" name="表演" left="2" top="66" width="175" height="12">
          <interface split ="70">
            <Combobox>
              <item filter="all_lines" name="所有曲線"/>
              <item filter="active_line" name="活動曲線"/>
              <item filter="active_trace_retrace" name="主動入口和出口"/>
            </Combobox>
          </interface>
        </var>
      </pane>
    </item>
    <xi:include href="IncMargins.xml"/>
    <xi:include href="IncStyle.xml"/>
  </tabgroup>
	<xi:include href="IncButtons.xml"/>
</varlist>
