<?xml version="1.0" encoding="UTF-8"?>
<varlist xmlns="http://www.nanoscopy.net/fsvarlist" xmlns:xi="http://www.w3.org/2001/XInclude" name="設定值" itemwidth="245" itemheight="13">
	<tabgroup left="2" top="2" width="254" height="158">
    <item name="一般的">
      <pane itemwidth="120">
        <var id="marks" name="標籤" left="1" top="2" width="122" height="74">
          <interface>
            <Groupbox/>
          </interface>
        </var>
        <var id="marks_mode" name="表演" left="2" top="14">
          <interface split="50">
            <Combobox>
              <item filter="vertical_lines" name="垂直線"/>
              <item filter="crossbar" name="十字準線"/>
              <item filter="none" name="不是"/>
            </Combobox>
          </interface>
        </var>
        <selector id="marks_mode" left="2" top="28" height="42">
          <pane selector="vertical_lines" itemwidth="119">
            <var id="Values" name="數量" left="0" top="0">
              <interface split="50">
                <Combobox>
                  <item filter="absolute" name="絕對"/>
                  <item filter="relative" name="相對的"/>
                </Combobox>
                </interface>
            </var>
            <var id="HorizontalValue" name="水平" left="0" top="14">
              <interface split="50">
                <Combobox>
                  <item filter="length" name="長度"/>
                  <item filter="full_length" name="輪廓長度"/>
                  <item filter="integral" name="不可缺少的"/>
                  <item filter="curve_square" name="曲線面積"/>
                  <item filter="time" name="時間"/>
                </Combobox>
              </interface>
            </var>
            <var id="VerticalValue" name="垂直" left="0" top="28">
              <interface split="50">
                <Combobox>
                  <item filter="height" name="高度"/>
                  <item filter="angle" name="角度"/>
                </Combobox>
              </interface>
            </var>
          </pane>
        </selector>
        <var id="AxisX" name="這裡 X" left="125" top="2"/>
        <var id="AxisZ" name="這裡 Y" left="125" top="16"/>
        <var id="ShowTrendLine" name="趨勢線" left="125" top="30"/>
        <var id="ShowSpectrum" name="顯示光譜" left="125" top="44"/>
        <selector id="ShowSpectrum" left="125" top="58" width="127" height="32">
          <pane selector="ena" itemwidth="120">
            <var id="spectrum_mode" name="算上" left="0" top="0">
              <interface>
                <Combobox>
                  <item filter="power" name="容量"/>
                  <item filter="magnitude" name="振幅"/>
                </Combobox>
              </interface>
            </var>
            <var id="normalize_spectrum" name="歸一化" left="0" top="14"/>
          </pane>
        </selector>
        <var id="profile.width" name="斷面寬度" full_name="截面寬度（平行截麵線數），以像素為單位" left="2" top="80"/>
        <var id="show_line_number" name="行/列號" left="2" top="94"/>
      </pane>
    </item>
    <item name="線數">
      <pane>
        <var id="line1color" name="線條顏色均勻" left="2" top="2" height="30">
          <interface hidename="true">
            <ColorChooser/>
          </interface>
        </var>
        <var id="line2color" name="奇數線顏色" left="2" top="34" height="30">
          <interface hidename="true">
            <ColorChooser/>
          </interface>
        </var>
        <var id="show_only" name="表演" left="2" top="66" width="200">
          <interface split ="70">
            <Combobox>
              <item filter="all_lines" name="所有曲線"/>
              <item filter="active_line" name="活動曲線"/>
              <item filter="active_trace_retrace" name="主動入口和出口"/>
            </Combobox>
          </interface>
        </var>
        <var id="line.width" name="Толщина" full_name="線的粗細" left="2" top="80" width="200"/>
       </pane>
    </item>
    <item name="縮放">
      <pane>
        <var id="HorizontalAxis" name="規模 X" left="2" top="2">
          <interface>
            <Combobox>
              <item filter="fixed_width" name="固定寬度"/>
              <item filter="fixed_scale" name="固定比例"/>
            </Combobox>
          </interface>
        </var>
        <var id="scaling.x" left="2" top="16">
          <interface name="縮放">
            <Combobox>
              <item filter="absolute" name="絕對"/>
              <item filter="relative" name="相對的"/>
            </Combobox>
          </interface>
        </var>
        <var id="ZScale" name="規模 Y" left="0" top="30" height="94">
          <interface>
            <Groupbox/>
          </interface>
        </var>
        <var id="ZScale.zero" name="零" left="2" top="44" width="110">
          <interface split="40">
            <Combobox>
              <item filter="min" name="最低限度"/>
              <item filter="absolute" name="絕對"/>
              <item filter="histogram" name="直方圖"/>
            </Combobox>
          </interface>
        </var>
        <var id="ZScale.Scaling" name="規模" left="120" top="44" width="120">
          <interface split="50">
            <Combobox>
              <item filter="auto" name="汽車"/>
              <item filter="fixed" name="固定的"/>
            </Combobox>
          </interface>
        </var>
        <selector id="ZScale.Scaling" left="2" top="60" height="60">
          <pane selector="fixed">
            <var id="ZScale.Scaling.fixed.value" name="搖擺" left="0" top="0" width="240"/>
            <var id="ZScale.Scaling.fixed.units" name="單位" left="0" top="14" width="240"/>
            <var id="ZScale.Scaling.fixed.zero_mode" name="開始" left="0" top="28" width="120">
              <interface split="40">
                <Combobox>
                  <item filter="min" name="最低限度"/>
                  <item filter="fixed" name="固定的"/>
                </Combobox>
              </interface>
            </var>
            <selector id="ZScale.Scaling.fixed.zero_mode" left="120" top="28" width="120" height="14">
              <pane selector="fixed">
                <var id="ZScale.Scaling.fixed.zero.value" name="價值" left="0" top="0" width="120">
                  <interface hidename="true"/>
                </var>
              </pane>
            </selector>
            <userbutton id="match_scale" left="150" top="45" width="60" height="14" name="優化"/>
          </pane>
        </selector>
      </pane>
    </item>
    <item name="C淤泥曲線">
      <pane>
        <var id="ShowForceCurveStats" name="顯示選項" left="2" top="2" width="115" height="12"/>
        <selector id="ShowForceCurveStats" left="0" top="15" width="202" height="70">
          <pane selector="ena">
            <var id="zero_threshold" name="零噪聲閾值" left="2" top="0" width="115" height="12"/>
            <var id="slant_threshold" name="傾斜噪聲閾值" left="2" top="13" width="115" height="12"/>
            <var id="ShowForceCurveMin" name="顯示最低要求" left="2" top="26" width="90" height="12">
              <interface split="80"/>
            </var>
            <selector id="ShowForceCurveMin" left="102" top="26" width="100" height="12">
              <pane selector="ena">
                <var id="window_r" name="搜索窗口" left="0" top="0" width="100" height="12"/>
              </pane>
            </selector>
          </pane>
        </selector>
        <var id="ShowForceCurveSquares" name="顯示方塊" left="2" top="60" width="90" height="12"></var>
      </pane>
    </item>
    <xi:include href="IncMargins.xml"/>
    <xi:include href="IncStyle.xml"/>
  </tabgroup>
	<xi:include href="IncButtons.xml"/>
</varlist>
