<?xml version="1.0" encoding="UTF-8"?>
<!-- edited with XMLSpy v2006 U (http://www.altova.com) by temkina (EMBRACE) -->
<!-- edited with XMLSPY v2004 rel. 3 U (http://www.xmlspy.com) by SPM (ATC) -->
<varlist xmlns="http://www.nanoscopy.net/fsvarlist" name="參數">
	<var id="stepsearch.invert" left="2" top="2" width="160" height="12" name="步驟方向">
    <interface>
      <Combobox>
        <item filter="left_to_right" name="從左到右"/>
        <item filter="right_to_left" name="從右到左"/>
     </Combobox>
    </interface>
	</var>
	<var id="stepsearch.threshold" left="2" top="15" width="160" height="12">
		<interface name="臨界點"/>
	</var>
	<var id="stepsearch.leftBorder" left="2" top="28" width="160" height="12">
		<interface name="傾斜"/>
	</var>
	<var id="stepsearch.search_rows" left="2" top="41" width="160" height="12">
		<interface name="初始行"/>
	</var>
	<var id="stepsearch.gap" left="2" top="54" width="160" height="12">
		<interface name="最大間隔"/>
	</var>
	<var id="stepsearch.start_row" left="2" top="67" width="160" height="12">
		<interface name="行的開始"/>
	</var>
	<var id="stepsearch.end_row" left="2" top="80" width="160" height="12">
		<interface name="行尾"/>
	</var>
	<button left="42" top="94" width="40" height="12" type="ok"/>
	<button left="83" top="94" width="40" height="12" type="cancel" name="消除"/>
</varlist>
