<?xml version="1.0" encoding="UTF-8"?>
<varlist xmlns="http://www.nanoscopy.net/fsvarlist" xmlns:xi="http://www.w3.org/2001/XInclude" name="設定值" itemwidth="90" itemheight="13">
	<tabgroup left="2" top="2" width="208" height="158">
		<item name="一般的">
			<pane>
				<var id="CompactLegend" left="2" top="2">
					<interface name="緊湊型視圖"/>
				</var>
				<var id="ShowZScaleOpt" left="110" top="2">
					<interface name="顯示比例 Z"/>
				</var>
				<var id="ShowAdditionalLegend" left="2" top="16">
					<interface name="檔案資料"/>
				</var>
        <var id="ShowParameters" left="110" top="16">
          <interface name="參數"/>
        </var>        
        <var id="ShowStatistics" left="2" top="30">
          <interface name="統計數據"/>
        </var>
        <var id="ShowROI" left="110" top="30">
          <interface name="感興趣的領域"/>
        </var>
        <var id="AxisX" left="2" top="48">
					<interface name="這裡 X"/>
				</var>
				<var id="AxisY" left="2" top="62">
					<interface name="這裡 Y"/>
				</var>
				<var id="AxisZ" left="2" top="76">
					<interface name="這裡 Z"/>
				</var>
				<var id="scaling.x" left="110" top="48">
          <interface name="規模 X">
            <Combobox>
              <item filter="absolute" name="絕對"/>
              <item filter="relative" name="相對的"/>
            </Combobox>
          </interface>
				</var>
				<var id="scaling.y" left="110" top="62">
					<interface name="規模 Y">
            <Combobox>
              <item filter="absolute" name="絕對"/>
              <item filter="relative" name="相對的"/>
            </Combobox>
          </interface>
				</var>
				<var id="scaling.z" left="110" top="76">
					<interface name="規模 Z">
            <Combobox>
              <item filter="absolute" name="絕對"/>
              <item filter="relative" name="相對的"/>
            </Combobox>
          </interface>
				</var>
        <selector id="CompactLegend" left="2" top="90">
          <pane selector="dis">
            <var id="FullLegend.scale_mark" name="刻度標記" left="0" top="0"/>
          </pane>
          <pane selector="ena">
            <var id="CompactLegend.scale_mark" name="刻度標記" left="0" top="0"/>
          </pane>
        </selector>			</pane>
		</item>
    <item name="秤">
      <pane itemwidth="198">
        <var id="CompactLegend.scale_mark" name="刻度標記" left="2" top="2"/>
        <var id="CompactLegend.scale_mark.direction" name="方向" left="2" top="16"/>
        <var id="CompactLegend.scale_mark.position" name="位置" left="2" top="30"/>
        <var id="CompactLegend.scale_mark.margin" name="縮進" left="2" top="44"/>
        <var id="CompactLegend.scale_mark.size" name="尺寸, 納米級" left="2" top="58">
          <tooltip>將該值設置為“ 0”以自動檢測標記長度</tooltip>
        </var>
        <var id="CompactLegend.transparent" name="透明背景" left="2" top="72"/>
        <var id="CompactLegend.z_scale.position" name="Z標度位置" left="2" top="86"/>
        <var id="CompactLegend.z_scale.margin" name="刻度偏移Z" left="2" top="100"/>
        <var id="CompactLegend.z_scale.size" name="鱗片長度 Z" left="2" top="114"/>
        <var id="CompactLegend.z_scale.width" name="刻度寬度 Z" left="2" top="128"/>
      </pane>
    </item>   
    <item name="上下文菜單">
      <pane prefix="context_menu" itemwidth="198">
        <var id="cursor_mode" name="光標模式" left="2" top="2"/>
        <var id="file_operations" name="文件操作" left="2" top="16"/>
        <var id="filters" left="2" name="篩選器" top="30"/>
      </pane>
    </item>
    <item name="突出顯示">
      <pane>
        <var id="cursor_snap" name="拉光標" left="2" top="2" width="190">
          <interface>
            <Combobox>
              <item filter="dis" name="不是"/>
              <item filter="to_maximum" name="最大限度地"/>
              <item filter="to_minimum" name="最低限度"/>
            </Combobox>
          </interface>
        </var>
        <var id="SelectionFill" name="塗漆" left="2" top="16" width="190">
          <interface>
            <Combobox>
              <item filter="none" name="沒有什麼"/>
              <item filter="inner" name="裡面"/>
              <item filter="outer" name="外部"/>
            </Combobox>
          </interface>
        </var>
        <var id="SelColor" left="2" top="30" width="198" height="40">
          <interface hidename="true" tooltip="選擇時區域填充顏色">
            <ColorChooser/>
          </interface>
        </var>
        <var id="SelectionSynchr" name="同步選擇" left="2" top="75" width="130"/>
      </pane>
    </item>
    <item name="交叉區域">
      <pane>
        <var id="section.line.style" name="風格" left="2" top="2" width="190">
          <interface>
            <Combobox>
              <item filter="solid" name="堅硬的"/>
              <item filter="dash" name="孵化"/>
              <item filter="dot" name="虛線"/>
              <item filter="dash_dot" name="點劃線"/>
              <item filter="dash_dot_dot" name="短劃線雙點劃線"/>
            </Combobox>
          </interface>
        </var>
        <var id="section.line.solid.width" name="寬度" left="2" top="16" width="190"/>
        <var id="section.line.color" name="顏色" left="2" top="30" width="190" height="42">
          <interface hidename="true">
            <ColorChooser/>
          </interface>
        </var>
       </pane>
    </item>
    <xi:include href="incmargins.xml"/>
    <xi:include href="IncStyle.xml"/>
    <item name="文本">
			<pane>
				<var id="text" left="2" top="2" width="198" height="40">
					<interface hidename="true" tooltip="文字顏色">
						<ColorChooser/>
					</interface>
				</var>
			</pane>
		</item>
		<item name="文字背景">
			<pane>
				<var id="text_background" left="2" top="2" width="198" height="40">
					<interface hidename="true" tooltip="文字背景顏色">
						<ColorChooser/>
					</interface>
				</var>
			</pane>
		</item>
	</tabgroup>
	<xi:include href="IncButtons.xml"/>
</varlist>
