<?xml version="1.0" encoding="utf-8"?>
<varlist xmlns="http://www.nanoscopy.net/fsvarlist" xmlns:xi="http://www.w3.org/2001/XInclude" name="影片設定">
  <userbutton id="camera" name="相機" left="2" top="2" width="40" height="13"/>
  <userbutton id="video" name="視頻" left="44" top="2" width="40" height="13"/>
  <selector id="codec_config" left="85" top="1" width="42" height="15">
    <pane selector="ena">
      <userbutton id="codec" name="編解碼器" left="1" top="1" width="40" height="13"/>
    </pane>
  </selector>
  <var id="video.camera" name="來源" left="2" top="17" width="160" height="12">
    <interface split="40"/>
  </var>
  <var id="codec" name="編解碼器" left="2" top="30" width="160" height="12">
    <interface split="40"/>
  </var>
  <var id="frame_rate" name="幀頻" left="2" top="43" width="160" height="12">
    <interface split="100">
      <SpinEditbox update_rate="750" increment="1"/>
    </interface>
  </var>
  <var id="file" name="捕獲文件" left="2" top="56" width="160" height="12">
    <interface split="60"/>
  </var>
  <var id="use_dump" name="使用緩衝區" left="2" top="69" width="160" height="12">
    <interface>
      <Combobox>
        <item filter="not_use" name="不是"/>
        <item filter="dump" name="是的"/>
      </Combobox>
    </interface>
  </var>
  <selector id="use_dump" left="2" top="82" width="164" height="26">
    <pane selector="dump">
      <var id="dump.file" name="緩衝" left="0" top="0" width="160" height="12">
        <interface split="60"/>
      </var>
      <var id="dump.size" name="緩衝區大小, Мб" left="0" top="13" width="160" height="12">
        <interface split="100">
          <SpinEditbox update_rate="3000"/>
        </interface>
      </var>
    </pane>
  </selector>
  <xi:include href="IncButtons.xml"/>
</varlist>