﻿<?xml version="1.0" encoding="utf-8"?>
<varlist xmlns="http://www.nanoscopy.net/fsvarlist" name="選項" itemwidth="290" itemheight="13">
  <tabgroup left="2" top="2" width="300" height="200">
    <item name="界面">
      <pane>
        <var id="language" name="界面語言" left="2" top="2">
          <interface split="70">
            <Combobox>
              <item filter="en" name="英語"/>
              <item filter="ru" name="俄語"/>
            </Combobox>
          </interface>
          <tooltip>要完成對新語言的選擇，必須重新啟動程序。</tooltip>
        </var>
        <var id="default_plugin_options" name="標準插件選項" left="2" top="16">
          <tooltip>使用標準插件選項，僅在按下“ Shift”鍵時顯示設置對話框</tooltip>
        </var>
        <var id="fullscreen_mode" name="全屏模式" left="2" top="30" width="240">
          <interface>
            <Combobox>
              <item filter="select" name="選定的顯示器"/>
              <item filter="active" name="主動監視器"/>
              <item filter="stretch" name="拉緊"/>
            </Combobox>
          </interface>
          <tooltip>全屏模式</tooltip>
        </var>
        <selector id="fullscreen_mode" left="242" top="30" width="30">
          <pane selector="select">
            <var id="fullscreen_monitor" left="0" top="0" width="30">
              <interface hidename="true"/>
              <tooltip>選擇將顯示全屏圖像版本的監視器</tooltip>
            </var>
          </pane>
        </selector>
        <var id="toolbar.dropdown.delay" name="工具欄外觀的延遲（毫秒）" left="2" top="44">
          <interface split="240"/>
        </var>
        <var id="preferred_units_list" name="首選單位 XY" left="2" top="58"/>
        <var id="preferred_units_list_z" name="首選單位 Z" left="2" top="72"/>
        <var id="menu_column_max_size" name="數學菜單列的最大大小" left="2" top="86"/>
        <selector id="language" left="2" top="100">
          <pane selector="ru">
            <var id="manual.path_pdf.ru" name="用戶手冊" left="0" top="0"/>
          </pane>
          <pane selector="en">
            <var id="manual.path_pdf.en" name="用戶手冊" left="0" top="0"/>
          </pane>
        </selector>
        <var id="directory.examples" name="示例" left="2" top="114"/>
        <var id="directory.palettes" name="調色板" full_name="用於保存和加載自定義調色板的目錄" left="2" top="128"/>
        <var id="autosave" left="2" name="自動保存文件" top="142"/>
        <var id="autosave.delay" name="自動保存文件的時間，分鐘" left="2" top="156"/>
      </pane>
    </item>
    <item name="窗型">
      <pane>
        <var id="visual_interface" name="主題" left="2" top="2">
          <interface>
            <Combobox>
              <item filter="standart" name="標準"/>
              <item filter="office_xp" name="辦公室 XP"/>
              <item filter="office2003" name="辦公室 2003"/>
              <item filter="office2007" name="辦公室 2007"/>
            </Combobox>
          </interface>
        </var>
        <selector id="visual_interface" left="0" top="16" width="294" height="13">
          <pane selector="vs2005">
            <var id="visual_interface.vs2005.rounded_tabs" name="圓形書籤" left="2" top="0"/>
          </pane>
          <pane selector="office2007">
            <var id="visual_interface.office2007.style" name="風格" left="2" top="0">
              <interface>
                <Combobox>
                  <item filter="luna_blue" name="月亮藍"/>
                  <item filter="obsidian_black" name="黑曜石黑"/>
                  <item filter="aqua" name="水"/>
                  <item filter="silver" name="銀"/>
                </Combobox>
              </interface>
            </var>
          </pane>
        </selector>
        <var id="custom_tooltips" name="進階提示" left="2" top="30"/>
        <var id="doc_tab_colors" name="彩色面板標籤" left="2" top="44"/>
        <var id="mdi_tabs" name="選項卡式窗口" left="2" top="58"/>
        <selector left="0" top="72" id="mdi_tabs" width="294" height="66">
          <pane prefix="mdi_tabs" selector="ena">
            <var id="onenote" name="書籤類型" left="2" top="0" width="290" height="66">
              <interface>
                <Groupbox/>
              </interface>
            </var>
            <var id="onenote" name="怎麼進 OneNote" left="6" top="14" width="280"/>
            <var id="colored" name="有色" left="6" top="28" width="280"/>
            <var id="close_button" name="活動標籤上的關閉按鈕" left="6" top="42" width="280"/>
          </pane>
        </selector>
      </pane>
    </item>
    <item name="數據庫">
      <pane>
        <var id="db.gallery.db" name="圖片庫" left="2" top="2">
          <tooltip>將圖像導出到圖庫的基礎</tooltip>
        </var>
        <var id="db.gallery.host" name="主持人" left="2" top="16">
          <tooltip>數據庫Web服務器名稱</tooltip>
        </var>
        <var id="db.gallery.user" name="用戶" left="2" top="30">
          <tooltip>連接數據庫的用戶名</tooltip>
        </var>
        <var id="db.gallery.password" name="密碼" left="2" top="44">
          <interface>
            <Editbox type="password"/>
          </interface>
        </var>
      </pane>
    </item>
    <item name="更新">
      <pane>
        <var id="check_updates" name="檢查更新" left="2" top="2">
          <tooltip>程序啟動時檢查更新</tooltip>
        </var>
        <selector id="check_updates" left="2" top="16" height="63">
          <pane selector="ena">
            <var id="check_updates_local" name="簽入本地存儲" left="0" top="0">
              <tooltip>在Internet上進行檢查之前，請先檢查本地存儲中的版本</tooltip>
            </var>
            <selector id="check_updates_local" left="0" top="14" height="50">
              <pane selector="ena">
                <var id="setup.path" name="本地存儲" left="0" top="0">
                  <tooltip>本地更新服務器</tooltip>
                </var>
                <var id="setup.package" name="包裹" left="0" top="14">
                  <tooltip>安裝基礎</tooltip>
                </var>
                <var id="setup.bootstrapper" name="裝載機" left="0" top="28">
                  <tooltip>開始安裝過程的程序</tooltip>
                </var>
              </pane>
            </selector>
          </pane>
        </selector>
      </pane> 
    </item>
  </tabgroup>
  <userbutton id="default" name="默認" left="232" top="210" width="60" height="14"/>
  <button left="152" top="210" width="40" height="14" type="ok" name="Ok"/>
  <button left="192" top="210" width="40" height="14" type="cancel" name="消除"/>
</varlist>