<?xml version="1.0" encoding="utf-8"?>
<varlist xmlns="http://www.nanoscopy.net/fsvarlist" name="將文件保存到在線存儲庫" itemwidth="290" itemheight="13">
  <tabgroup left="2" top="2" width="300" height="100">
    <item name="輸入數據">
      <pane>
        <var id="db.rep.title" name="掃描標題" left="2" top="2">
          <tooltip>標題</tooltip>
        </var>
        <var id="db.rep.summary" name="簡短的介紹" left="2" top="16">
          <tooltip>描述</tooltip>
        </var>
      </pane>
    </item>
  </tabgroup>
  <button left="152" top="210" width="40" height="14" type="ok" name="Ok"/>
  <button left="192" top="210" width="40" height="14" type="cancel" name="消除"/>
</varlist>